name,brand,price,color,size
Shirt,Nlounge,92.23,Mauv,M
Short,Topicstorm,26.05,Crimson,XL
T-Shirt,Dabjam,96.47,Aquamarine,2XL
Polo,Quamba,54.35,Fuscia,M
Polo,Blogtags,65.13,Crimson,3XL
T-Shirt,Meejo,65.79,Purple,3XL
Shirt,Kazu,84.64,Green,XL
Short,Dabjam,55.37,Aquamarine,3XL
Shirt,Gabcube,50.68,Indigo,XL
Jacket,Npath,53.23,Pink,XL
Shirt,Jabberbean,49.79,Violet,XL
Short,Skinder,20.42,Red,M
Shirt,Brainlounge,70.77,Turquoise,2XL
T-Shirt,Realfire,83.93,Yellow,S
Shirt,DabZ,10.32,Yellow,M
T-Shirt,Dynabox,85.54,Green,2XL
Shirt,Tazz,69.40,Goldenrod,XS
Jacket,Youtags,95.56,Goldenrod,3XL
T-Shirt,Flipstorm,28.39,Mauv,XL
Jeans,Voonyx,11.36,Green,L
T-Shirt,Skinix,69.50,Violet,XL
T-Shirt,Trilith,91.99,Khaki,XL
Short,Digitube,38.32,Yellow,XL
T-Shirt,Trunyx,5.68,Mauv,L
Short,Roomm,61.93,Blue,XL
Polo,Gigazoom,89.75,Maroon,2XL
Jacket,Roodel,20.82,Mauv,2XL
Jacket,Skidoo,69.30,Violet,L
Polo,Oyope,79.40,Orange,M
Jeans,Yata,85.61,Pink,3XL
Shirt,Rhybox,49.07,Khaki,S
Shirt,Innojam,73.82,Yellow,3XL
Polo,Meezzy,25.64,Fuscia,XS
Jeans,Realbuzz,79.92,Red,S
Shirt,Twitterworks,25.32,Khaki,XL
Jacket,Twimbo,55.71,Goldenrod,L
Short,Pixope,28.14,Red,3XL
T-Shirt,Latz,46.68,Aquamarine,M
Shirt,Zoomlounge,67.55,Yellow,M
Polo,Brightdog,38.46,Fuscia,3XL
Jacket,Eayo,38.55,Yellow,3XL
T-Shirt,Kare,46.40,Indigo,S
Short,Yotz,27.66,Pink,S
T-Shirt,Eare,37.30,Maroon,3XL
Polo,Jabbertype,15.81,Khaki,XL
Short,Talane,32.60,Green,L
Jacket,Twitterwire,38.67,Fuscia,M
Short,Jabbersphere,23.51,Red,S
Shirt,Twimbo,72.12,Mauv,L
Polo,Fiveclub,96.18,Fuscia,2XL
Short,Meejo,12.41,Orange,XS
Jeans,Pixonyx,20.17,Puce,2XL
Jeans,Realcube,7.61,Mauv,M
Shirt,Topiczoom,59.74,Green,3XL
Jacket,Mycat,29.18,Purple,M
Shirt,Jayo,39.29,Red,3XL
Polo,Viva,76.89,Goldenrod,XS
Shirt,Shuffledrive,4.12,Red,XL
Short,Meedoo,39.55,Purple,M
Jeans,Trunyx,58.45,Teal,M
Jeans,Topicblab,82.33,Blue,2XL
Jacket,Twinte,51.39,Goldenrod,M
Short,Cogibox,40.32,Orange,2XL
T-Shirt,Jaxworks,61.57,Turquoise,L
Short,Skinix,14.31,Blue,L
Jeans,Browsecat,99.60,Turquoise,M
Short,Janyx,29.26,Khaki,2XL
Jacket,Skipfire,43.88,Pink,XL
T-Shirt,Dynabox,13.54,Indigo,S
Short,Yotz,83.04,Maroon,3XL
Shirt,Skajo,8.21,Orange,L
T-Shirt,Reallinks,81.25,Khaki,XL
Jeans,Twinder,60.26,Crimson,XL
Jeans,Quinu,25.39,Indigo,3XL
Jacket,Photospace,85.91,Turquoise,S
Polo,Jabberstorm,25.25,Khaki,3XL
Polo,Dablist,56.41,Green,M
Jeans,Realcube,45.38,Yellow,XL
T-Shirt,Teklist,5.02,Red,M
T-Shirt,Jamia,91.15,Yellow,XS
T-Shirt,Topicware,6.36,Turquoise,XL
Short,Topdrive,13.47,Fuscia,3XL
T-Shirt,Voomm,10.05,Goldenrod,XS
Shirt,Zoomlounge,88.29,Maroon,S
T-Shirt,Twinder,4.68,Mauv,XS
Polo,Fliptune,8.03,Red,3XL
T-Shirt,Thoughtblab,15.60,Puce,XS
Jeans,Livetube,36.54,Red,M
T-Shirt,Browsebug,4.11,Red,L
Jeans,Jabberstorm,55.66,Fuscia,XS
Jacket,Flipstorm,66.81,Orange,2XL
Jacket,Janyx,53.30,Blue,3XL
T-Shirt,Realbuzz,72.77,Goldenrod,XL
Jeans,Quaxo,92.12,Maroon,XL
Polo,Edgepulse,84.45,Red,XS
Jeans,Rhynoodle,99.96,Fuscia,2XL
Short,Blognation,30.73,Purple,XS
Jacket,Feedspan,72.24,Aquamarine,2XL
Shirt,Topiczoom,79.72,Crimson,2XL
Short,Jetpulse,17.13,Mauv,S
Jeans,Jabbersphere,74.41,Indigo,XS
Polo,Vidoo,40.85,Puce,2XL
T-Shirt,Eire,15.42,Khaki,3XL
Jeans,Trilia,13.72,Pink,2XL
Jacket,Pixope,1.52,Maroon,XS
Jacket,Edgeblab,46.87,Aquamarine,S
Jeans,Jaxspan,6.23,Goldenrod,3XL
Jacket,Topiczoom,4.60,Khaki,2XL
Short,Dynazzy,74.08,Turquoise,S
Polo,Voomm,87.39,Teal,XS
Short,Nlounge,72.49,Crimson,L
Jeans,Riffpath,58.23,Khaki,2XL
T-Shirt,Flashset,40.70,Teal,S
Jeans,Browsebug,63.32,Mauv,3XL
Polo,Fivespan,51.98,Khaki,L
Polo,Oyope,61.46,Red,M
Jeans,Buzzdog,60.70,Green,M
Shirt,Eimbee,46.93,Violet,M
T-Shirt,Tazzy,26.28,Maroon,S
Jeans,Meembee,11.18,Blue,3XL
Jeans,Twitterworks,49.54,Green,L
Polo,Rhycero,12.78,Indigo,S
Shirt,Feednation,72.07,Orange,L
Jeans,Wordpedia,6.33,Pink,XS
Polo,Livefish,16.06,Puce,2XL
Jacket,Eabox,79.59,Indigo,XL
Polo,Zoovu,68.37,Orange,2XL
T-Shirt,Gigashots,53.27,Green,XS
Polo,Midel,95.66,Turquoise,S
Shirt,Jetpulse,45.07,Crimson,3XL
T-Shirt,Quaxo,43.17,Aquamarine,XS
Short,Zooxo,36.14,Yellow,2XL
Jacket,Ainyx,66.87,Purple,XL
T-Shirt,Podcat,9.49,Red,M
Polo,Oyondu,37.66,Khaki,L
Polo,Mita,92.91,Puce,XL
Short,Youspan,76.37,Maroon,L
Polo,Kwideo,98.13,Green,M
Jeans,Bluejam,13.25,Green,XS
Jeans,Browsezoom,68.84,Red,2XL
Jacket,Dynabox,75.43,Purple,XS
Jacket,Trilith,28.19,Pink,XS
Jacket,Photolist,24.26,Mauv,2XL
Shirt,Zooxo,45.74,Pink,XL
Jeans,Rhynyx,45.26,Mauv,XS
T-Shirt,Twimm,74.37,Green,XS
T-Shirt,Skalith,19.70,Goldenrod,L
Polo,Dabvine,11.32,Purple,L
Polo,Yamia,15.00,Red,L
Polo,Browsedrive,80.79,Purple,S
Short,Trilia,16.71,Turquoise,3XL
Polo,Realpoint,2.45,Turquoise,2XL
Shirt,Livetube,52.35,Aquamarine,S
Shirt,Mynte,83.72,Pink,2XL
T-Shirt,Zoomzone,20.02,Green,L
Jacket,Kwinu,62.52,Goldenrod,2XL
Polo,Jabbercube,50.85,Purple,L
Short,Voomm,83.60,Goldenrod,3XL
T-Shirt,Shufflebeat,82.37,Violet,XS
Polo,Gabvine,8.61,Turquoise,3XL
Jacket,Skyndu,42.70,Pink,3XL
Short,Oodoo,72.67,Crimson,2XL
Short,Quamba,26.77,Mauv,XL
Short,Abata,8.79,Pink,XS
Short,JumpXS,62.13,Pink,L
T-Shirt,Quire,94.24,Orange,XL
Short,Jazzy,74.48,Yellow,3XL
Short,Fivebridge,39.06,Red,XS
Jacket,Jatri,45.33,Goldenrod,XL
T-Shirt,Photofeed,58.59,Goldenrod,M
T-Shirt,Edgetag,23.11,Crimson,2XL
Short,Layo,39.02,Violet,XS
Jeans,Chatterbridge,88.19,Pink,L
T-Shirt,Quatz,64.80,Turquoise,3XL
Short,Edgepulse,22.58,Red,XS
T-Shirt,Dabjam,32.43,Goldenrod,XL
Short,Realblab,30.02,Fuscia,M
Shirt,Brainbox,4.71,Crimson,L
Short,Yakidoo,30.55,Indigo,XL
Jeans,Ntag,94.13,Yellow,XS
Short,Trunyx,18.53,Red,L
Jacket,Jabbercube,82.18,Fuscia,XL
Polo,Rhyzio,21.72,Turquoise,3XL
Short,Thoughtworks,7.39,Indigo,XL
Short,Agivu,73.73,Purple,S
Shirt,Tambee,90.48,Maroon,XL
Shirt,Oyonder,4.34,Khaki,XL
Short,Demizz,58.12,Indigo,L
Jacket,Npath,58.27,Khaki,2XL
T-Shirt,Trunyx,56.40,Green,XS
T-Shirt,Youopia,38.02,Pink,M
Short,Realbridge,8.90,Indigo,M
Polo,Thoughtstorm,98.17,Pink,S
Polo,Minyx,39.19,Purple,M
Polo,Skinix,81.06,Violet,3XL
Jacket,Skibox,22.91,Khaki,3XL
Short,Divanoodle,26.28,Goldenrod,3XL
Polo,Skaboo,60.18,Goldenrod,L
Polo,Skipfire,87.77,Mauv,M
T-Shirt,Flipstorm,21.53,Goldenrod,M
Shirt,Ozu,38.82,Mauv,3XL
Short,Jaxspan,36.10,Violet,3XL
Polo,Centimia,80.77,Pink,XS
T-Shirt,Jabbersphere,27.17,Mauv,2XL
Jeans,Oyondu,5.67,Teal,3XL
T-Shirt,Photobug,87.91,Purple,XL
T-Shirt,Fliptune,66.99,Crimson,XL
Polo,Photofeed,92.40,Indigo,XS
Jeans,Thoughtbeat,5.43,Aquamarine,XL
Jeans,Edgepulse,65.06,Yellow,M
T-Shirt,Yakidoo,30.62,Orange,S
T-Shirt,Quire,54.85,Aquamarine,2XL
Jacket,Plajo,40.79,Teal,XS
Polo,Demizz,75.39,Blue,3XL
Short,Thoughtstorm,61.00,Yellow,S
T-Shirt,Meemm,59.66,Yellow,2XL
Jeans,Zooxo,45.81,Aquamarine,3XL
Short,Zoomlounge,73.79,Indigo,L
Jeans,Browsedrive,13.53,Orange,S
T-Shirt,Zoombox,33.73,Turquoise,3XL
Shirt,Jabbersphere,19.87,Yellow,3XL
Shirt,Lazz,38.43,Yellow,XS
Polo,Browsetype,99.98,Yellow,2XL
T-Shirt,Zoomzone,38.40,Turquoise,M
T-Shirt,Edgeclub,25.43,Yellow,3XL
Short,Wordify,25.14,Maroon,3XL
Shirt,Browsedrive,16.19,Blue,2XL
Jacket,Kazu,59.66,Yellow,XL
Jacket,Blogpad,90.13,Violet,2XL
Jacket,Thoughtsphere,80.51,Goldenrod,M
Jeans,Trudoo,83.13,Blue,3XL
Polo,Photospace,3.68,Yellow,M
Shirt,Wikizz,19.52,Turquoise,L
Jacket,Babbleset,69.47,Puce,XS
Jacket,Thoughtblab,22.57,Turquoise,M
Polo,Quinu,72.84,Turquoise,3XL
T-Shirt,Babbleopia,7.47,Turquoise,XS
Jacket,Realblab,2.39,Blue,S
Polo,Miboo,59.68,Maroon,M
Jeans,Flashset,99.59,Khaki,3XL
Polo,Riffwire,19.52,Mauv,XS
Short,Centimia,82.71,Indigo,XL
T-Shirt,Kwilith,29.92,Crimson,2XL
Jacket,Aibox,59.91,Red,3XL
Shirt,Divavu,92.18,Mauv,S
Shirt,Realbridge,53.78,Turquoise,XL
Short,Meevee,78.66,Red,L
T-Shirt,Twimbo,54.14,Fuscia,XS
Shirt,Mita,9.47,Purple,S
Short,Zoomzone,37.04,Blue,XL
Short,Cogibox,19.68,Goldenrod,XL
T-Shirt,Eamia,34.47,Mauv,S
Jacket,Dynazzy,59.03,Violet,L
Jacket,Zoovu,50.45,Aquamarine,XS
Shirt,Feedbug,60.73,Maroon,2XL
Jacket,Livetube,84.97,Goldenrod,3XL
Short,Gigashots,41.55,Pink,L
Polo,Zoozzy,50.31,Puce,3XL
Shirt,Meembee,8.87,Turquoise,XL
Shirt,Eadel,22.40,Red,XL
T-Shirt,Skipstorm,95.88,Goldenrod,XS
T-Shirt,Npath,55.70,Khaki,M
Shirt,Ntag,49.94,Orange,XS
Shirt,Skinte,55.77,Purple,XL
Shirt,Photospace,35.38,Blue,S
Polo,Trupe,24.46,Purple,2XL
Jacket,Jayo,76.21,Crimson,L
Jacket,Mynte,94.36,Blue,3XL
Shirt,Yodoo,22.71,Blue,XS
Polo,Jabbersphere,61.34,Violet,M
Shirt,Bluezoom,32.41,Blue,3XL
Shirt,Centimia,15.87,Fuscia,XL
Short,Realcube,86.62,Yellow,XS
Shirt,Tagpad,63.17,Maroon,M
Jacket,Linkbuzz,91.02,Yellow,M
Jacket,Fanoodle,69.25,Indigo,M
Jacket,Digitube,99.00,Green,XL
Polo,Zoovu,94.88,Crimson,2XL
Polo,Skilith,3.99,Khaki,XL
Jeans,Mybuzz,87.74,Puce,S
Short,Fivebridge,74.45,Maroon,XS
Jacket,Quimm,66.79,Blue,L
Short,Oyoyo,5.12,Turquoise,2XL
Jeans,Vidoo,60.87,Goldenrod,M
Jeans,Skiptube,45.39,Crimson,XS
Polo,Buzzbean,77.04,Pink,XL
Short,Kanoodle,27.46,Maroon,3XL
T-Shirt,Trunyx,19.30,Fuscia,L
T-Shirt,Rooxo,17.65,Aquamarine,XS
Shirt,Gigazoom,63.28,Teal,3XL
T-Shirt,Izio,30.74,Puce,XL
Jeans,Skibox,56.80,Indigo,L
Shirt,Plambee,69.03,Indigo,2XL
T-Shirt,Podcat,81.32,Maroon,S
T-Shirt,Agimba,78.38,Purple,M
Polo,Realcube,33.36,Aquamarine,XL
Shirt,Babbleblab,57.90,Red,S
Jeans,Yambee,19.93,Red,XL
Short,Zoovu,68.29,Fuscia,3XL
Shirt,Tagopia,58.72,Maroon,XS
Polo,Yombu,41.11,Pink,2XL
Jacket,Gigashots,86.96,Goldenrod,3XL
Jacket,Shufflester,54.67,Yellow,3XL
Short,Lazzy,63.79,Green,3XL
Polo,Leexo,27.26,Purple,3XL
Jacket,Skyndu,10.65,Khaki,M
Polo,Abatz,60.15,Khaki,L
Shirt,Kamba,97.70,Teal,3XL
Short,Edgeclub,53.90,Turquoise,3XL
Short,Dabtype,23.77,Crimson,M
Jeans,Meevee,95.86,Teal,M
T-Shirt,Meeveo,63.31,Violet,XS
Jeans,Eadel,56.72,Purple,S
T-Shirt,Thoughtstorm,32.65,Indigo,2XL
Jacket,Gabtune,87.95,Crimson,XL
T-Shirt,Roombo,32.72,Blue,2XL
Jacket,Linktype,4.72,Yellow,2XL
Short,Skivee,62.03,Red,3XL
Jeans,Yadel,49.08,Violet,M
Short,Avamm,48.54,Fuscia,XS
Jacket,Abata,58.31,Purple,L
Short,Quinu,89.63,Pink,S
Polo,Rooxo,19.35,Purple,M
Jacket,Linkbridge,92.44,Turquoise,XS
Short,Edgeclub,83.79,Orange,L
Jeans,Centimia,83.99,Red,S
Jeans,Flashpoint,99.56,Green,3XL
Jeans,Chatterbridge,83.95,Puce,M
Polo,Bluezoom,55.16,Turquoise,S
Jeans,JumpXS,61.03,Purple,M
Shirt,Rooxo,12.63,Purple,S
Jeans,Trunyx,94.19,Red,M
Short,Zazio,31.62,Red,M
Jeans,Mydeo,12.12,Red,M
Shirt,Aimbu,91.04,Aquamarine,XS
Polo,Innotype,19.10,Indigo,M
Polo,Flipbug,46.96,Puce,2XL
T-Shirt,Edgeblab,99.26,Violet,M
T-Shirt,Gabvine,45.02,Fuscia,S
Jeans,Voonder,0.57,Green,S
Shirt,Linklinks,6.84,Aquamarine,2XL
T-Shirt,Topicstorm,70.31,Khaki,XL
Jeans,Quaxo,3.91,Red,XL
Short,Trudoo,5.55,Teal,L
Jeans,Ailane,28.11,Blue,M
T-Shirt,Browsetype,97.48,Green,XL
Jacket,Demivee,63.96,Puce,2XL
Polo,Eamia,77.74,Pink,3XL
Jacket,Brainsphere,11.33,Indigo,S
Short,Linkbuzz,58.93,Violet,S
Short,Divanoodle,72.90,Khaki,S
Jeans,Kazio,37.72,Turquoise,3XL
Polo,Brightbean,91.39,Crimson,2XL
Short,Dabjam,64.65,Mauv,XL
Shirt,Cogibox,65.54,Green,XL
Jacket,Quinu,56.39,Puce,S
Jeans,Feedbug,53.77,Blue,3XL
Jeans,Yodoo,62.51,Fuscia,3XL
Jacket,Photospace,13.98,Turquoise,2XL
Jacket,Gigazoom,26.31,Yellow,M
T-Shirt,Skidoo,4.55,Orange,S
Jacket,Realfire,90.31,Pink,S
Jacket,Skyba,73.52,Violet,S
Shirt,Babbleset,61.15,Aquamarine,3XL
Jacket,Yakidoo,7.30,Orange,L
Jacket,Cogibox,17.77,Red,3XL
Polo,Fliptune,79.90,Indigo,L
Short,Yoveo,14.28,Green,XS
Jacket,Dynabox,72.65,Fuscia,S
Shirt,DabZ,38.59,Blue,XS
Jeans,Fivechat,29.00,Maroon,XS
Polo,Meejo,73.01,Purple,2XL
Polo,Avamba,25.03,Indigo,XL
Jeans,Linkbuzz,76.25,Fuscia,XL
Jeans,Buzzster,42.34,Yellow,2XL
Jeans,Eayo,41.18,Turquoise,XL
Jacket,Photolist,93.30,Puce,3XL
Shirt,Livepath,22.25,Puce,3XL
Jeans,Tagcat,67.20,Khaki,M
Polo,Innotype,37.19,Puce,2XL
Short,Divanoodle,65.86,Green,XS
Short,Jaxbean,45.88,Puce,XL
Shirt,Voonder,67.44,Green,XL
Polo,Brainlounge,3.26,Turquoise,S
Jeans,Divape,61.70,Purple,XS
Shirt,Wikibox,21.89,Purple,M
T-Shirt,Divavu,75.92,Mauv,3XL
Jeans,Flashpoint,35.80,Aquamarine,S
T-Shirt,Devcast,17.06,Puce,S
Jeans,Skynoodle,53.75,Red,XL
Short,Yodoo,88.51,Khaki,XL
Jacket,Quaxo,28.40,Puce,3XL
Short,Feedfire,21.87,Goldenrod,S
Jacket,Gigabox,99.78,Yellow,S
T-Shirt,Linkbuzz,88.56,Yellow,M
Jeans,Mydeo,72.36,Maroon,3XL
T-Shirt,Ailane,50.14,Fuscia,XL
Shirt,Vidoo,31.62,Orange,3XL
Jacket,Feedspan,98.44,Blue,XL
Short,Eimbee,86.94,Turquoise,S
Jeans,Latz,47.85,Teal,XL
Shirt,Muxo,60.88,Red,XL
Jeans,Skiba,47.72,Goldenrod,XS
Jacket,Innojam,78.79,Goldenrod,L
T-Shirt,Zoomzone,59.63,Yellow,S
Short,Tavu,45.88,Crimson,3XL
Short,Dabfeed,12.32,Pink,S
T-Shirt,Jetwire,43.34,Maroon,S
Polo,Meetz,41.10,Maroon,M
Shirt,Cogibox,88.42,Khaki,3XL
Short,Pixoboo,28.60,Mauv,2XL
Jeans,Camimbo,79.90,Pink,2XL
T-Shirt,Realmix,17.49,Aquamarine,3XL
Polo,Youtags,33.83,Violet,3XL
Short,Lajo,19.14,Pink,S
Jacket,Chatterpoint,8.79,Crimson,XS
T-Shirt,Vidoo,60.78,Violet,XL
Polo,Vimbo,83.41,Teal,S
Shirt,JumpXS,31.73,Teal,3XL
T-Shirt,Avaveo,53.21,Indigo,S
Jeans,Miboo,37.27,Red,XL
Jacket,Snaptags,74.19,Indigo,M
Jeans,Thoughtblab,19.72,Purple,M
Jeans,Brainlounge,9.32,Red,L
Jacket,Eimbee,92.41,Puce,XS
Shirt,Rhybox,12.68,Orange,S
T-Shirt,Yakidoo,97.45,Purple,3XL
T-Shirt,Buzzster,6.39,Maroon,XS
Polo,Topiczoom,6.10,Pink,L
Short,Skibox,54.20,Green,XL
Polo,Browsecat,31.15,Orange,M
Jeans,Skivee,79.51,Khaki,L
Polo,Plajo,60.35,Violet,M
T-Shirt,Youopia,35.77,Green,XS
T-Shirt,Thoughtworks,56.65,Blue,XS
Jacket,Pixonyx,95.33,Mauv,M
Short,Photojam,28.70,Red,XS
T-Shirt,Vimbo,14.47,Mauv,2XL
Jeans,Cogilith,54.67,Indigo,S
Shirt,Realcube,60.47,Goldenrod,XL
Polo,Yadel,15.32,Violet,XL
Polo,Dabjam,10.73,Teal,S
Jeans,Oyoloo,11.37,Green,XS
Jeans,LiveZ,67.64,Orange,3XL
T-Shirt,Voomm,49.97,Indigo,L
Jacket,Talane,3.13,Red,L
Polo,Voomm,4.99,Aquamarine,S
Jeans,Tagpad,99.91,Maroon,2XL
T-Shirt,Oba,8.59,Orange,M
Polo,Miboo,13.98,Turquoise,XL
Polo,Yamia,72.87,Violet,M
Jeans,Yodoo,88.37,Yellow,3XL
Jeans,Twinte,33.56,Puce,S
Polo,Thoughtstorm,59.93,Red,XS
Shirt,Twitterwire,70.15,Blue,M
Jeans,Quire,33.75,Red,L
Short,Flashpoint,95.25,Orange,3XL
Shirt,Brainsphere,51.41,Fuscia,XS
Polo,Skyble,7.77,Puce,3XL
T-Shirt,Avaveo,32.17,Indigo,L
Polo,Kwideo,21.19,Mauv,XS
Polo,Topicblab,77.80,Green,2XL
T-Shirt,Voonix,75.27,Violet,XL
Jacket,Flashset,68.70,Orange,L
Shirt,Oyoba,27.16,Violet,2XL
Shirt,Zava,42.28,Mauv,3XL
Shirt,Jaxbean,5.23,Crimson,XS
Short,Camimbo,28.02,Maroon,XS
Jacket,Kayveo,33.22,Violet,S
Short,Demimbu,54.57,Turquoise,2XL
Jacket,Browsebug,7.58,Green,L
Shirt,Yadel,54.34,Khaki,2XL
Shirt,Centimia,4.95,Aquamarine,S
Polo,Dynava,68.46,Pink,3XL
Short,Brainlounge,49.79,Purple,XS
T-Shirt,Gabspot,27.96,Pink,XL
Short,Blogtags,85.60,Fuscia,XS
Shirt,Skidoo,96.29,Turquoise,2XL
Jeans,Izio,72.80,Turquoise,L
Shirt,Janyx,1.27,Purple,2XL
Shirt,Feedmix,57.55,Green,M
Polo,Avavee,66.77,Red,3XL
Jeans,InnoZ,48.98,Yellow,S
Jeans,Miboo,29.27,Goldenrod,S
Shirt,Topicblab,57.39,Violet,XL
Polo,Devshare,51.75,Yellow,L
Polo,Bluezoom,71.77,Crimson,M
Polo,Jabberstorm,69.08,Maroon,3XL
Shirt,Quimba,98.56,Blue,3XL
Shirt,Bluejam,32.32,Red,XL
Short,Skaboo,79.70,Green,M
Polo,Thoughtworks,83.61,Pink,2XL
Jacket,Livefish,90.33,Maroon,L
Shirt,Eimbee,9.42,Red,S
T-Shirt,Zoozzy,89.79,Turquoise,XS
T-Shirt,Kwinu,81.23,Puce,3XL
Jacket,Rhybox,43.04,Blue,XL
Jeans,Skaboo,99.03,Turquoise,S
Short,Thoughtmix,23.40,Orange,M
Jeans,Quinu,59.88,Violet,L
Polo,Photojam,16.55,Aquamarine,M
Polo,Jaxbean,17.69,Turquoise,XL
Short,Pixonyx,83.34,Yellow,M
T-Shirt,Yodel,69.85,Orange,L
Short,Rhyloo,51.02,Fuscia,S
Polo,Babbleset,22.87,Orange,L
T-Shirt,Divanoodle,48.89,Mauv,XL
Jeans,Camido,2.76,Yellow,XS
Jeans,Zazio,96.17,Purple,S
Shirt,Kwilith,22.63,Yellow,3XL
Jacket,Wordify,18.38,Fuscia,XS
Polo,Skipstorm,30.24,Orange,2XL
Jacket,Zooxo,93.67,Purple,M
Short,Browsedrive,7.38,Teal,L
Shirt,Bluezoom,90.23,Mauv,M
Short,Gabspot,67.27,Purple,S
T-Shirt,Quire,70.16,Crimson,S
Jacket,Vimbo,47.83,Violet,XL
Shirt,Edgeify,84.77,Puce,2XL
Shirt,Dynava,25.34,Yellow,XS
Jacket,Voolith,81.26,Indigo,3XL
T-Shirt,Skinder,17.21,Crimson,S
Short,Dabjam,11.81,Pink,L
Shirt,Skinder,30.73,Red,3XL
Polo,Meedoo,2.29,Violet,L
Shirt,Skyvu,95.07,Yellow,XL
Jeans,Thoughtbridge,31.21,Crimson,XL
T-Shirt,Teklist,33.69,Red,L
Jeans,Skinder,85.58,Indigo,M
Polo,Realcube,51.97,Blue,XL
Short,Meejo,15.68,Puce,XS
Polo,Kwideo,7.92,Puce,M
Shirt,Blogtags,66.76,Puce,S
T-Shirt,Gabcube,15.42,Orange,M
Short,Ntags,60.32,Maroon,XS
Shirt,Avamm,38.44,Blue,XL
Jeans,Npath,59.04,Teal,S
Polo,Eare,9.97,Maroon,XL
Polo,Flipbug,51.78,Maroon,XS
T-Shirt,Nlounge,53.30,Pink,2XL
Polo,Vitz,80.11,Teal,M
Polo,Kwinu,19.42,Red,3XL
Polo,Midel,35.11,Violet,M
T-Shirt,Jaloo,29.04,Maroon,2XL
Jacket,Jaxspan,77.72,Green,3XL
Shirt,Youopia,99.14,Aquamarine,S
T-Shirt,Eidel,81.54,Teal,XL
Jeans,Thoughtbridge,23.32,Purple,M
T-Shirt,Mita,7.21,Fuscia,L
Jeans,Browsecat,89.81,Fuscia,XS
Jeans,Dazzlesphere,64.98,Puce,XL
T-Shirt,Shuffletag,14.83,Orange,L
Short,Browsebug,80.83,Green,2XL
Polo,Youspan,3.49,Mauv,3XL
Short,Buzzbean,4.80,Crimson,L
T-Shirt,Twiyo,23.44,Goldenrod,M
Shirt,Jaxnation,20.19,Violet,S
Jeans,Agivu,52.41,Purple,XS
Jacket,Riffwire,12.14,Indigo,XS
Shirt,Innotype,66.47,Blue,XL
Short,Realblab,1.60,Crimson,3XL
Jacket,LiveZ,4.61,Goldenrod,XS
Shirt,Centizu,80.01,Blue,3XL
Shirt,Viva,64.09,Aquamarine,M
T-Shirt,Innojam,58.94,Maroon,XL
Polo,Topiczoom,5.83,Yellow,XS
T-Shirt,Tagchat,11.00,Red,XL
T-Shirt,Linkbuzz,82.29,Khaki,S
Jeans,Dablist,62.52,Pink,L
Short,Shufflester,8.55,Indigo,3XL
Shirt,Realpoint,6.42,Orange,M
Jacket,Browseblab,30.08,Pink,XS
Jeans,Flipbug,82.11,Orange,XL
T-Shirt,Quamba,66.74,Khaki,S
Polo,Dabjam,41.69,Yellow,2XL
Polo,Tanoodle,94.15,Purple,XL
Shirt,Eayo,5.76,Turquoise,XL
Shirt,Photospace,56.16,Yellow,S
Jacket,Buzzster,0.42,Goldenrod,XS
Polo,Gevee,91.04,Fuscia,XL
Polo,Wordpedia,25.31,Yellow,M
Polo,Reallinks,69.45,Aquamarine,3XL
Jeans,Rooxo,44.32,Maroon,XS
Jeans,Zooxo,26.66,Teal,XS
Jeans,Kwinu,12.99,Khaki,XS
Shirt,Zoonoodle,13.98,Violet,XS
Short,Feedmix,87.83,Aquamarine,2XL
Short,Topicblab,30.12,Mauv,XS
Polo,Npath,28.60,Maroon,M
Jacket,Lazz,22.86,Red,2XL
Jeans,Twitterlist,91.68,Goldenrod,L
Short,Skidoo,53.03,Khaki,L
Shirt,Ainyx,78.86,Aquamarine,2XL
Short,Eimbee,30.17,Indigo,XS
Jeans,Tagtune,48.14,Maroon,M
Jeans,Gigaclub,56.48,Aquamarine,3XL
T-Shirt,Zoombox,1.20,Maroon,XS
Polo,Thoughtblab,66.90,Indigo,S
Jeans,Yodoo,42.00,Indigo,2XL
Polo,Skimia,11.20,Red,S
Jacket,Realpoint,90.98,Khaki,M
Polo,Kwilith,36.64,Puce,XL
Jeans,Quaxo,61.70,Maroon,XL
Polo,Linkbridge,42.47,Khaki,XL
Short,Thoughtbeat,78.41,Aquamarine,S
Jacket,Trupe,29.17,Khaki,2XL
T-Shirt,Photobean,71.66,Mauv,2XL
Jeans,Plambee,4.33,Crimson,2XL
Jacket,Shufflebeat,22.93,Pink,M
T-Shirt,Photobug,98.45,Goldenrod,XS
Short,Nlounge,69.57,Yellow,XS
Jacket,Zoovu,84.24,Orange,L
T-Shirt,Flashspan,89.23,Purple,M
Shirt,Gigashots,77.09,Mauv,L
Shirt,Yata,71.42,Green,S
Polo,Zoozzy,96.41,Purple,XS
Jeans,Katz,61.39,Red,L
Short,Zoomzone,79.99,Yellow,S
Jacket,InnoZ,71.54,Orange,S
Polo,Twitterwire,40.38,Khaki,XL
Jacket,Katz,45.73,Khaki,2XL
Polo,Realcube,31.08,Turquoise,XS
Shirt,Topiclounge,68.16,Goldenrod,M
Jeans,Eabox,16.47,Violet,L
Shirt,Feedspan,55.72,Red,M
Polo,Eire,66.29,Goldenrod,XS
Short,Geba,37.79,Turquoise,S
Shirt,Riffwire,70.80,Indigo,XS
Polo,LiveZ,55.07,Puce,M
Shirt,Meezzy,51.80,Puce,XS
Shirt,Innojam,45.56,Fuscia,2XL
Shirt,Geba,91.30,Khaki,2XL
Shirt,Agivu,81.08,Goldenrod,L
Jacket,Quinu,67.98,Goldenrod,3XL
T-Shirt,Rhyzio,85.18,Crimson,XS
Jeans,Eamia,89.29,Puce,XL
Polo,Zoomdog,16.27,Maroon,XL
T-Shirt,Realcube,43.82,Goldenrod,2XL
Short,Flashpoint,56.54,Blue,2XL
Jacket,Tavu,93.52,Khaki,S
Shirt,Divanoodle,4.01,Green,XL
Short,Gabtune,33.91,Khaki,3XL
Shirt,Abatz,29.11,Pink,L
Jacket,Jabbertype,6.29,Yellow,2XL
T-Shirt,Fivechat,88.81,Yellow,M
Jeans,Twitterbeat,14.85,Pink,S
Jeans,Voolith,75.85,Orange,M
Jacket,Shuffledrive,48.21,Orange,2XL
Jeans,Dabfeed,90.13,Violet,L
Short,Trunyx,41.89,Teal,2XL
Polo,Thoughtsphere,29.62,Puce,S
T-Shirt,Flashdog,49.92,Mauv,XL
T-Shirt,Riffpedia,63.76,Turquoise,XS
Jeans,Chatterpoint,62.24,Mauv,S
Short,Buzzbean,47.62,Fuscia,3XL
T-Shirt,Oloo,84.11,Orange,M
Jeans,Devpoint,8.81,Indigo,XS
T-Shirt,Gabcube,32.89,Khaki,L
Jacket,Jaxworks,88.40,Yellow,3XL
Jeans,Fanoodle,23.03,Maroon,S
Jeans,Brainlounge,73.71,Green,2XL
T-Shirt,Meemm,54.20,Violet,2XL
Jeans,Camimbo,52.83,Purple,S
T-Shirt,Topicstorm,26.44,Mauv,XL
Polo,Wordware,34.31,Crimson,2XL
Jeans,Fivechat,27.95,Turquoise,L
Short,Katz,11.98,Orange,2XL
T-Shirt,Fatz,15.71,Crimson,S
T-Shirt,Dazzlesphere,48.80,Mauv,XL
Shirt,Zooveo,9.33,Blue,L
Polo,Devshare,45.05,Indigo,2XL
Polo,Tagchat,18.95,Orange,S
Polo,Dazzlesphere,89.25,Indigo,S
Short,Quinu,9.63,Pink,S
Polo,Janyx,32.52,Red,S
Jeans,Youspan,58.39,Orange,XL
Jeans,Eamia,2.40,Turquoise,M
Shirt,Twiyo,98.59,Aquamarine,XS
Jeans,Kanoodle,70.32,Khaki,3XL
T-Shirt,Rhyloo,93.00,Red,3XL
T-Shirt,Teklist,92.30,Mauv,XS
T-Shirt,Feedfire,26.51,Orange,3XL
Shirt,Dabfeed,26.67,Yellow,XL
Short,Chatterpoint,53.91,Crimson,M
Jeans,Jabberstorm,70.41,Crimson,L
Short,Eamia,73.75,Orange,S
Jacket,Jabbersphere,19.83,Purple,M
Shirt,Buzzbean,92.73,Purple,XS
T-Shirt,Tagchat,53.51,Blue,XL
Polo,Quinu,74.61,Violet,3XL
Shirt,Topicshots,49.15,Turquoise,XL
Polo,Myworks,55.93,Red,3XL
T-Shirt,Voonyx,10.01,Yellow,M
Jacket,Shuffletag,87.57,Turquoise,M
Short,Wikizz,80.49,Purple,3XL
Shirt,Brightdog,8.73,Green,2XL
Short,Livetube,97.07,Violet,S
Short,Aibox,36.81,Violet,M
Polo,Youtags,51.83,Yellow,XS
Polo,Thoughtblab,76.73,Pink,2XL
Polo,Izio,31.30,Purple,3XL
Polo,Zoonder,12.00,Teal,3XL
Polo,Centidel,51.77,Mauv,3XL
Jacket,Jayo,43.74,Purple,3XL
T-Shirt,Quatz,45.86,Purple,S
Jeans,Jetwire,66.25,Yellow,M
Shirt,Realfire,72.02,Aquamarine,2XL
Short,Meezzy,33.32,Khaki,M
Polo,Ooba,9.58,Indigo,S
Shirt,Yodo,81.08,Violet,XL
Polo,Fliptune,28.16,Blue,2XL
T-Shirt,Topicshots,75.86,Yellow,M
Jacket,Linkbuzz,47.11,Turquoise,2XL
Jeans,Vipe,31.23,Maroon,3XL
Jeans,Skynoodle,65.63,Mauv,S
Shirt,Skippad,18.22,Indigo,XL
T-Shirt,Skimia,29.01,Crimson,S
Short,Zoomcast,99.39,Blue,L
T-Shirt,Gabtype,4.05,Pink,L
T-Shirt,Realblab,32.08,Puce,XS
Jeans,Aivee,88.36,Mauv,S
Jacket,Tekfly,75.27,Pink,3XL
Short,Reallinks,17.03,Pink,XL
Short,Oodoo,11.64,Yellow,L
Jacket,Vitz,57.90,Blue,S
Shirt,Gigazoom,32.48,Violet,3XL
Jeans,Topicstorm,79.72,Purple,3XL
Polo,Vitz,67.98,Turquoise,L
Short,Jaloo,2.54,Green,S
Jacket,Rhybox,10.77,Fuscia,M
T-Shirt,Skyvu,81.01,Mauv,XL
Short,Devbug,20.35,Red,L
T-Shirt,Zoomdog,54.64,Pink,XL
T-Shirt,Voomm,10.29,Turquoise,XS
Jacket,Fiveclub,39.43,Blue,M
Short,Bubblemix,65.77,Violet,2XL
Polo,Katz,94.71,Yellow,2XL
Jacket,Miboo,79.63,Orange,2XL
Jacket,Oba,1.54,Teal,XL
Polo,Zoomcast,59.10,Khaki,M
Jeans,Skyble,36.55,Fuscia,S
Shirt,Trilia,14.02,Aquamarine,3XL
Shirt,Oyoyo,45.20,Khaki,S
Short,Mita,21.16,Purple,XS
T-Shirt,Oozz,76.78,Aquamarine,2XL
T-Shirt,Photobean,23.63,Maroon,M
Short,Oba,91.93,Indigo,L
Polo,Skiptube,17.15,Violet,XS
T-Shirt,Plajo,46.05,Blue,XS
Shirt,Meevee,95.01,Red,XS
Jeans,Feedmix,35.67,Blue,S
Shirt,Fatz,2.21,Yellow,3XL
Jeans,Kazio,81.35,Maroon,XL
Jacket,Realcube,27.79,Mauv,XS
Jacket,Avamm,28.77,Green,2XL
Polo,Thoughtblab,30.04,Red,3XL
Polo,Quatz,86.75,Blue,XL
Polo,Vinder,10.40,Khaki,XS
Polo,Quamba,80.67,Maroon,2XL
Polo,Npath,47.46,Turquoise,L
Shirt,Zoonoodle,20.14,Turquoise,S
Jeans,Kazu,60.87,Maroon,2XL
T-Shirt,Blognation,39.62,Pink,L
Polo,Zooveo,54.89,Pink,L
Jeans,Topiclounge,1.30,Puce,3XL
Jacket,Zoomdog,11.93,Teal,2XL
Shirt,Yabox,35.93,Yellow,S
Short,Meejo,9.10,Mauv,M
Shirt,Babblestorm,42.67,Orange,3XL
T-Shirt,Jaxbean,62.55,Orange,L
T-Shirt,Quaxo,81.08,Mauv,M
Jacket,Skiba,25.01,Pink,XL
Jacket,Eayo,33.04,Puce,XS
Short,Skipstorm,74.12,Violet,2XL
Jacket,Tekfly,82.77,Goldenrod,3XL
Jacket,Fadeo,27.62,Goldenrod,3XL
Polo,Yakidoo,39.25,Teal,L
Jeans,Skinder,2.29,Pink,XS
Shirt,Teklist,16.49,Maroon,L
Shirt,Jaxnation,40.13,Orange,3XL
T-Shirt,Skyndu,92.49,Teal,3XL
Shirt,Twitterbeat,47.29,Blue,XL
Jeans,Twiyo,41.76,Maroon,M
Shirt,Zava,29.73,Turquoise,3XL
Jacket,Oozz,61.72,Blue,M
Short,Yabox,31.09,Turquoise,2XL
Shirt,Lajo,10.98,Red,S
Shirt,Twitterbeat,75.46,Maroon,2XL
Shirt,Zooxo,64.59,Violet,S
Short,Livefish,49.29,Crimson,M
T-Shirt,Kayveo,32.95,Khaki,M
Shirt,Zooxo,67.70,Khaki,XL
Jeans,Divape,11.09,Green,M
Shirt,Photospace,37.30,Fuscia,3XL
Polo,Fivebridge,11.51,Crimson,XL
Jeans,Zoomdog,4.66,Crimson,3XL
Shirt,Dabfeed,84.36,Indigo,3XL
Jacket,Meedoo,83.59,Puce,S
Jeans,Podcat,50.18,Violet,XS
Jeans,Tanoodle,4.80,Violet,XL
Shirt,Aibox,77.68,Maroon,2XL
Polo,Youfeed,10.07,Mauv,M
Short,Eadel,98.90,Fuscia,XS
Polo,Twitterbeat,2.82,Pink,L
T-Shirt,Skilith,66.40,Yellow,M
Polo,Topicshots,63.11,Indigo,2XL
Polo,Babblestorm,66.19,Maroon,XL
Shirt,Innotype,3.11,Yellow,3XL
Shirt,Leexo,35.60,Violet,M
Polo,Tagpad,6.62,Turquoise,S
Jacket,Twinder,92.25,Khaki,M
Polo,Voomm,53.38,Yellow,L
Jeans,Flipopia,15.34,Green,XS
Polo,Rhynoodle,32.53,Crimson,XL
Polo,Gigashots,86.21,Orange,S
Short,Eabox,65.73,Goldenrod,XL
Short,Tagopia,51.79,Indigo,3XL
Shirt,Browsebug,48.27,Aquamarine,XL
Polo,Demimbu,68.59,Blue,XL
T-Shirt,Skiptube,56.56,Blue,S
Short,Zoomcast,99.94,Teal,M
Jacket,Topicstorm,7.75,Violet,S
T-Shirt,Kwimbee,95.47,Purple,M
Polo,Livetube,23.24,Red,XL
Jeans,Skalith,32.20,Puce,XL
T-Shirt,Bluezoom,2.80,Fuscia,XL
Jacket,Jatri,9.44,Goldenrod,XL
Polo,Jayo,8.70,Purple,3XL
Polo,Feedspan,70.80,Puce,XL
Jacket,Gabtune,4.65,Orange,3XL
Shirt,Trudoo,41.18,Puce,XL
Polo,Aimbo,69.17,Purple,XL
Jacket,Realcube,79.41,Puce,XL
Short,Buzzbean,27.21,Aquamarine,L
Shirt,Jaxspan,74.78,Goldenrod,XS
Short,Skimia,52.60,Indigo,L
T-Shirt,Cogidoo,10.88,Red,3XL
T-Shirt,Feednation,87.20,Purple,M
Jeans,Photobean,76.86,Maroon,3XL
Shirt,Gigaclub,73.80,Violet,L
T-Shirt,Ozu,96.92,Khaki,3XL
Polo,Gigashots,11.67,Fuscia,XS
Short,Yodel,49.52,Maroon,XS
Shirt,Zooveo,48.02,Goldenrod,S
Jacket,Quimm,12.62,Yellow,XL
Shirt,Browseblab,57.52,Violet,XS
Short,Thoughtstorm,27.83,Yellow,M
Polo,Youopia,53.89,Khaki,XL
Shirt,Twimbo,47.06,Goldenrod,XL
T-Shirt,Ooba,85.31,Yellow,3XL
Jacket,Tazz,95.34,Goldenrod,XS
Jacket,Demizz,4.67,Mauv,3XL
Polo,Youbridge,74.52,Indigo,3XL
Jacket,Katz,93.14,Turquoise,XS
Shirt,Rooxo,98.42,Purple,3XL
Polo,Eadel,6.72,Indigo,XS
Jeans,Leenti,2.12,Puce,L
Polo,Feedfire,95.45,Orange,3XL
Polo,Photofeed,19.91,Green,3XL
Polo,Skalith,47.79,Pink,L
Shirt,Eazzy,22.43,Aquamarine,L
Jeans,Vidoo,62.69,Blue,L
T-Shirt,Topicstorm,77.48,Aquamarine,L
T-Shirt,Skaboo,86.23,Mauv,S
Shirt,Ainyx,18.75,Teal,M
Polo,Mynte,59.36,Puce,S
Shirt,Wordware,43.75,Puce,XS
Shirt,Vitz,89.84,Pink,XL
Polo,Skyble,49.21,Pink,3XL
Short,Mymm,4.80,Red,S
Jeans,Youopia,88.87,Purple,2XL
T-Shirt,Zoomdog,99.87,Red,M
Short,Brainverse,95.32,Orange,XL
Polo,Topdrive,13.26,Pink,2XL
Jeans,Plajo,47.09,Goldenrod,M
Polo,Tagopia,84.40,Yellow,3XL
Short,Realmix,38.59,Mauv,2XL
Short,Katz,59.09,Mauv,XL
T-Shirt,Yodo,14.92,Crimson,XL
T-Shirt,Mydo,8.65,Maroon,M
Shirt,Tambee,22.13,Mauv,3XL
Jeans,Ntag,98.97,Violet,XS
T-Shirt,Jabbersphere,39.38,Crimson,XL
Short,Linkbuzz,62.93,Turquoise,M
Jacket,Yakidoo,47.00,Orange,XL
Jacket,Leexo,54.85,Khaki,S
Polo,Nlounge,20.04,Purple,S
Jacket,Twitterbridge,30.71,Puce,XL
Polo,Eazzy,27.20,Pink,3XL
Jeans,Rhynoodle,76.89,Fuscia,XS
Shirt,Chatterbridge,60.89,Red,3XL
T-Shirt,Zava,64.28,Teal,3XL
T-Shirt,Geba,25.20,Purple,XS
T-Shirt,Brainlounge,12.45,Goldenrod,XL
T-Shirt,Quamba,69.89,Mauv,XL
Polo,Devpulse,5.15,Violet,3XL
Jeans,Realpoint,46.28,Pink,S
Jacket,Vinder,27.41,Red,M
Shirt,Kazu,74.20,Orange,3XL
Jacket,DabZ,59.16,Turquoise,XS
Short,Npath,92.90,Pink,M
Short,Pixope,50.33,Puce,2XL
Short,Realmix,71.96,Puce,3XL
T-Shirt,Skyvu,77.56,Fuscia,L
Shirt,Topicstorm,70.64,Orange,2XL
T-Shirt,Gigabox,6.05,Aquamarine,XS
Shirt,Feedfire,79.64,Turquoise,XL
Jacket,Centizu,58.77,Green,L
Jeans,Katz,66.22,Green,2XL
Polo,Topicware,54.97,Teal,XS
Short,Kayveo,64.98,Green,M
T-Shirt,Devcast,61.77,Puce,3XL
Jacket,Skinix,88.89,Turquoise,XS
Jacket,Vitz,41.95,Violet,L
Jacket,Thoughtsphere,48.56,Fuscia,XS
Jacket,Feedmix,45.53,Khaki,XS
Short,Dabshots,98.30,Red,M
Polo,Flipbug,55.42,Blue,S
Short,Devpulse,13.76,Turquoise,XL
Polo,Bluejam,43.97,Fuscia,3XL
Shirt,Kazio,68.28,Orange,M
T-Shirt,Yodoo,55.99,Mauv,S
Short,Twitterworks,49.62,Red,L
Jacket,Eare,97.24,Orange,M
Shirt,Zoomzone,62.47,Pink,M
Polo,Feednation,16.60,Aquamarine,L
T-Shirt,Innotype,94.26,Crimson,M
T-Shirt,Edgeblab,57.52,Yellow,XS
Shirt,Jayo,49.66,Green,3XL
Jeans,Riffpath,17.77,Indigo,S
Jeans,Yotz,72.81,Maroon,2XL
Short,Edgewire,76.78,Blue,3XL
T-Shirt,Fatz,26.09,Mauv,XS
Jacket,Einti,37.56,Crimson,S
T-Shirt,Latz,55.95,Khaki,L
Jeans,Thoughtworks,64.09,Violet,2XL
Polo,Tazzy,78.28,Purple,M
Shirt,Realcube,56.67,Green,S
Jeans,Twitterwire,46.30,Orange,M
T-Shirt,Latz,82.02,Fuscia,L
Jeans,Wikibox,49.44,Aquamarine,M
Jacket,Zava,46.66,Crimson,S
Jacket,Feedspan,10.77,Blue,S
Jeans,Eabox,58.15,Pink,L
Jacket,Meedoo,12.51,Red,2XL
Shirt,Wikizz,69.98,Pink,2XL
T-Shirt,Twiyo,74.58,Goldenrod,3XL
Jacket,Voolia,35.95,Aquamarine,XS
Polo,Skaboo,66.27,Crimson,XL
Polo,Tazz,71.61,Teal,2XL
Polo,Skimia,81.82,Teal,M
Jeans,Feednation,74.00,Teal,M
Short,Topiczoom,64.03,Puce,2XL
Jeans,Jetpulse,84.59,Turquoise,XL
Short,Tazz,33.47,Crimson,M
Shirt,Kazu,86.65,Red,M
Jeans,Twitterlist,45.20,Red,2XL
Short,Jabberstorm,90.17,Indigo,2XL
Short,Fiveclub,24.38,Green,L
Jeans,Demimbu,37.35,Fuscia,M
Polo,Leexo,68.74,Orange,M
T-Shirt,Bubbletube,31.94,Turquoise,3XL
T-Shirt,Quamba,39.78,Mauv,XS
T-Shirt,Jatri,41.02,Teal,3XL
T-Shirt,Kwinu,39.61,Fuscia,L
Polo,Gigaclub,27.13,Khaki,2XL
Jacket,Photojam,55.85,Maroon,3XL
Short,Jabbersphere,12.36,Goldenrod,L
Shirt,Cogibox,97.16,Orange,XL
Short,Kwideo,70.23,Indigo,XS
Short,Realcube,69.49,Aquamarine,3XL
Polo,Dabtype,20.54,Teal,S
Jeans,Yambee,28.82,Mauv,3XL
Shirt,Avaveo,56.35,Purple,3XL
T-Shirt,Livepath,68.07,Turquoise,XS
Jeans,Pixoboo,59.25,Puce,M
Polo,Feedmix,86.27,Indigo,L
Polo,Jayo,49.18,Purple,M
T-Shirt,Skiba,18.87,Goldenrod,2XL
Shirt,Gigabox,16.11,Indigo,S
Shirt,Bubblebox,8.85,Maroon,XL
Short,Skyble,46.44,Violet,M
Polo,Browsezoom,35.14,Indigo,M
T-Shirt,Dynava,54.25,Fuscia,3XL
Jeans,Blogtags,64.73,Orange,XS
T-Shirt,Realpoint,23.41,Blue,S
Polo,Roombo,0.31,Yellow,2XL
Shirt,Oyoba,90.63,Violet,XL
Polo,Twitternation,53.96,Mauv,2XL
Jacket,Topicshots,92.16,Mauv,3XL
Short,Riffpath,85.07,Khaki,3XL
T-Shirt,Kamba,87.42,Yellow,L
Jacket,Skyvu,57.12,Violet,L
Jeans,Meevee,9.12,Purple,S
Shirt,Omba,6.45,Purple,XS
Polo,Devshare,16.78,Crimson,S
Short,Quatz,93.92,Teal,M
Shirt,Centidel,48.25,Mauv,L
Short,Jabbersphere,77.05,Crimson,2XL
T-Shirt,Twitterlist,9.11,Mauv,XS
